{"cameraMode":{"drawMode":0,"name":"Shaded","section":"Shading Mode"},"sceneLighting":false,"audioPlay":false,"sceneViewState":{"showFog":true,"showMaterialUpdate":true,"showSkybox":false,"showFlares":true,"showImageEffects":true,"showParticleSystems":true},"in2DMode":false,"pivot":{"x":-2.274538516998291,"y":-7.855785369873047,"z":11.399235725402832},"rotation":{"x":-0.29086798429489138,"y":0.1967955082654953,"z":-0.06126631051301956,"w":-0.9343065023422241},"size":19.17266845703125,"orthographic":false}