{"cameraMode":{"drawMode":0,"name":"Shaded","section":"Shading Mode"},"sceneLighting":false,"audioPlay":false,"sceneViewState":{"showFog":true,"showMaterialUpdate":true,"showSkybox":false,"showFlares":true,"showImageEffects":true,"showParticleSystems":true},"in2DMode":false,"pivot":{"x":4.961517810821533,"y":19.335723876953126,"z":27.156814575195314},"rotation":{"x":-0.14523334801197053,"y":0.028786249458789827,"z":-0.00422546686604619,"w":-0.9889817237854004},"size":46.45903396606445,"orthographic":false}