{"cameraMode":{"drawMode":0,"name":"Shaded","section":"Shading Mode"},"sceneLighting":false,"audioPlay":false,"sceneViewState":{"showFog":true,"showMaterialUpdate":true,"showSkybox":false,"showFlares":true,"showImageEffects":true,"showParticleSystems":true},"in2DMode":false,"pivot":{"x":0.3838821351528168,"y":0.9380842447280884,"z":0.6567988395690918},"rotation":{"x":-0.0512765534222126,"y":-0.020373882725834848,"z":0.0010471156565472484,"w":-0.9984869956970215},"size":6.819680690765381,"orthographic":false}