{"cameraMode":{"drawMode":0,"name":"Shaded","section":"Shading Mode"},"sceneLighting":false,"audioPlay":false,"sceneViewState":{"showFog":true,"showMaterialUpdate":true,"showSkybox":false,"showFlares":true,"showImageEffects":true,"showParticleSystems":true},"in2DMode":false,"pivot":{"x":0.2199583351612091,"y":1.6526875495910645,"z":-0.4369925260543823},"rotation":{"x":-0.061741217970848086,"y":-0.030837934464216234,"z":0.001910116639919579,"w":-0.9976249933242798},"size":1.245234489440918,"orthographic":false}