{"cameraMode":{"drawMode":0,"name":"Shaded","section":"Shading Mode"},"sceneLighting":false,"audioPlay":false,"sceneViewState":{"showFog":true,"showMaterialUpdate":true,"showSkybox":false,"showFlares":true,"showImageEffects":true,"showParticleSystems":true},"in2DMode":false,"pivot":{"x":0.3739805221557617,"y":-3.4196152687072756,"z":15.451698303222657},"rotation":{"x":-0.12731939554214478,"y":-0.0469980463385582,"z":0.006040782202035189,"w":-0.9907388687133789},"size":21.321989059448243,"orthographic":false}